{
  "training_metrics": {
    "accuracy": 0.6962951184608046,
    "precision": 0.7135416666666666,
    "recall": 0.68032278088144,
    "f1_score": 0.6965363838576422,
    "specificity": 0.7130746657971959,
    "false_alarm_rate": 0.286925334202804,
    "confusion_matrix": {
      "tp": 4384,
      "tn": 4374,
      "fp": 1760,
      "fn": 2060
    }
  },
  "test_metrics": {
    "accuracy": 0.632301131095865,
    "precision": 0.7455919395465995,
    "recall": 0.42851972493666307,
    "f1_score": 0.5442427028269363,
    "specificity": 0.8463878326996198,
    "false_alarm_rate": 0.15361216730038021,
    "confusion_matrix": {
      "tp": 1184,
      "tn": 2226,
      "fp": 404,
      "fn": 1579
    }
  },
  "roc_auc": {
    "train": 0.7388902271977967,
    "test": 0.6879632955307025
  },
  "average_precision": {
    "train": 0.7442580045672229,
    "test": 0.6662492959336205
  },
  "distance_statistics": {
    "train_separation": 1.3471269705042321,
    "test_separation": 1.2351361243818098
  },
  "threshold_analysis": {
    "current_threshold": 0.8681146852986592,
    "optimal_threshold": 0.30463476258089095,
    "current_f1": 0.5442427028269363,
    "current_accuracy": 0.632301131095865,
    "optimal_f1": 0.6822666329370098
  }
}