{
  "training_metrics": {
    "accuracy": 0.6092383526792813,
    "precision": 0.5757155590769536,
    "recall": 0.9020794537554314,
    "f1_score": 0.7028595610906233,
    "specificity": 0.3015976524290838,
    "false_alarm_rate": 0.6984023475709162,
    "confusion_matrix": {
      "tp": 5813,
      "tn": 1850,
      "fp": 4284,
      "fn": 631
    }
  },
  "test_metrics": {
    "accuracy": 0.6721676246986835,
    "precision": 0.6573869028788358,
    "recall": 0.7520810712993123,
    "f1_score": 0.7015530047265361,
    "specificity": 0.588212927756654,
    "false_alarm_rate": 0.411787072243346,
    "confusion_matrix": {
      "tp": 2078,
      "tn": 1547,
      "fp": 1083,
      "fn": 685
    }
  },
  "roc_auc": {
    "train": 0.7546987671569179,
    "test": 0.7379380433182096
  },
  "average_precision": {
    "train": 0.7517872201176867,
    "test": 0.7424480486945451
  },
  "distance_statistics": {
    "train_separation": 1.3944206822086573,
    "test_separation": 1.34295345970928
  },
  "threshold_analysis": {
    "current_threshold": 0.5399870017164548,
    "optimal_threshold": 0.5387047264356324,
    "current_f1": 0.7015530047265361,
    "current_accuracy": 0.6721676246986835,
    "optimal_f1": 0.700944032366824
  },
  "overall_grade": "C (ACCEPTABLE)"
}